CREATE TABLE Adopter (
    adopterID   INT PRIMARY KEY,
    name        VARCHAR(100) NOT NULL,
    phoneNumber VARCHAR(30),
    address     VARCHAR(150)
);

CREATE TABLE Pet (
    petID   INT PRIMARY KEY,
    name    VARCHAR(100) NOT NULL,
    species VARCHAR(50)
);

CREATE TABLE Adoption (
    adoptionID   INT PRIMARY KEY,
    adopterID    INT NOT NULL,
    petID        INT NOT NULL,
    fee          DECIMAL(10,2),
    adoptionDate DATE NOT NULL,
    FOREIGN KEY (adopterID) REFERENCES Adopter(adopterID),
    FOREIGN KEY (petID)     REFERENCES Pet(petID)
);
insert into Adopter (adopterID, name, phoneNumber, address) values (1, 'Dar Stolting', '592-349-8343', '878 Dixon Center');
insert into Adopter (adopterID, name, phoneNumber, address) values (2, 'Royall Bloom', '717-989-1708', '4193 Waxwing Street');
insert into Adopter (adopterID, name, phoneNumber, address) values (3, 'Carver Priscott', '390-888-2024', '5 Schlimgen Park');
insert into Adopter (adopterID, name, phoneNumber, address) values (4, 'Heath Westphalen', '688-748-1167', '36 Weeping Birch Junction');
insert into Adopter (adopterID, name, phoneNumber, address) values (5, 'Angelita Bullier', '500-555-5278', '8151 Clyde Gallagher Point');
insert into Adopter (adopterID, name, phoneNumber, address) values (6, 'Shaine Daniau', '782-909-4617', '96264 Elka Drive');
insert into Adopter (adopterID, name, phoneNumber, address) values (7, 'Carey Winkworth', '302-860-6717', '19272 Prentice Plaza');
insert into Adopter (adopterID, name, phoneNumber, address) values (8, 'Richard Baselli', '880-291-9666', '2 Homewood Street');
insert into Adopter (adopterID, name, phoneNumber, address) values (9, 'Marcos Wace', '650-843-8922', '1 Loeprich Road');
insert into Adopter (adopterID, name, phoneNumber, address) values (10, 'Myrtie Fowkes', '383-260-4498', '7768 Bunting Center');
insert into Adopter (adopterID, name, phoneNumber, address) values (11, 'Judas Bliven', '438-557-4846', '006 Grim Pass');
insert into Adopter (adopterID, name, phoneNumber, address) values (12, 'Crin Hasker', '360-959-9614', '7458 Shoshone Parkway');
insert into Adopter (adopterID, name, phoneNumber, address) values (13, 'Huberto Longshaw', '904-703-1045', '13761 Thackeray Circle');
insert into Adopter (adopterID, name, phoneNumber, address) values (14, 'Wesley Tune', '149-888-1273', '632 Jana Plaza');
insert into Adopter (adopterID, name, phoneNumber, address) values (15, 'Geoff Ciciari', '253-751-9136', '83479 Schiller Trail');
insert into Adopter (adopterID, name, phoneNumber, address) values (16, 'Melisenda Tiner', '438-494-0864', '51571 Fordem Drive');
insert into Adopter (adopterID, name, phoneNumber, address) values (17, 'Eugen Guise', '825-999-7900', '2 Sloan Crossing');
insert into Adopter (adopterID, name, phoneNumber, address) values (18, 'Adam Lorenzin', '675-943-3804', '6347 Pierstorff Terrace');
insert into Adopter (adopterID, name, phoneNumber, address) values (19, 'Benjamin Kemson', '702-969-7936', '2889 Continental Alley');
insert into Adopter (adopterID, name, phoneNumber, address) values (20, 'Gabie Blanshard', '166-333-9160', '3 Melvin Crossing');
insert into Adopter (adopterID, name, phoneNumber, address) values (21, 'Jeana Clague', '697-718-9183', '034 Hermina Park');
insert into Adopter (adopterID, name, phoneNumber, address) values (22, 'Donia Swatridge', '510-703-0428', '5 Norway Maple Way');
insert into Adopter (adopterID, name, phoneNumber, address) values (23, 'Dorena Riordan', '163-357-8723', '138 Mcbride Drive');
insert into Adopter (adopterID, name, phoneNumber, address) values (24, 'Rozalin Fawthorpe', '259-779-9536', '04 Declaration Junction');
insert into Adopter (adopterID, name, phoneNumber, address) values (25, 'Randa Nickoles', '835-447-0411', '64494 Tennyson Point');
insert into Adopter (adopterID, name, phoneNumber, address) values (26, 'Cathrine Barwick', '588-666-7379', '6880 Karstens Crossing');
insert into Adopter (adopterID, name, phoneNumber, address) values (27, 'Franky Du Pre', '369-491-2249', '31067 Brickson Park Pass');
insert into Adopter (adopterID, name, phoneNumber, address) values (28, 'Muriel Carcass', '201-120-8249', '8 Butternut Court');
insert into Adopter (adopterID, name, phoneNumber, address) values (29, 'Farley Seabridge', '580-299-9029', '8890 Graedel Hill');
insert into Adopter (adopterID, name, phoneNumber, address) values (30, 'Serena Bradborne', '557-754-1866', '36 Claremont Hill');
insert into Adopter (adopterID, name, phoneNumber, address) values (31, 'Camila Kellie', '287-721-0637', '3 Drewry Trail');
insert into Adopter (adopterID, name, phoneNumber, address) values (32, 'Wesley Stango', '710-287-1983', '72547 Vidon Junction');
insert into Adopter (adopterID, name, phoneNumber, address) values (33, 'Xena Stainer', '463-736-3155', '258 Butterfield Circle');
insert into Adopter (adopterID, name, phoneNumber, address) values (34, 'Wilden Astles', '295-269-8471', '0 Coleman Junction');
insert into Adopter (adopterID, name, phoneNumber, address) values (35, 'Korney Trolley', '440-647-2565', '9263 Lyons Circle');
insert into Adopter (adopterID, name, phoneNumber, address) values (36, 'Chryste Bartolomeoni', '764-636-9742', '88 Beilfuss Alley');
insert into Adopter (adopterID, name, phoneNumber, address) values (37, 'Betteanne Canter', '139-420-9918', '9598 Fordem Park');
insert into Adopter (adopterID, name, phoneNumber, address) values (38, 'Ad Strainge', '654-445-3349', '7817 Mifflin Parkway');
insert into Adopter (adopterID, name, phoneNumber, address) values (39, 'Benji Cammoile', '428-424-3269', '10894 Mccormick Circle');
insert into Adopter (adopterID, name, phoneNumber, address) values (40, 'Tiff Gotthard', '458-590-8159', '14 Rowland Avenue');
insert into Adopter (adopterID, name, phoneNumber, address) values (41, 'Devland Poulden', '893-163-3823', '76342 Browning Center');
insert into Adopter (adopterID, name, phoneNumber, address) values (42, 'Joann Woolforde', '164-957-5141', '4586 Miller Plaza');
insert into Adopter (adopterID, name, phoneNumber, address) values (43, 'Rayshell Fines', '326-292-1799', '03 Annamark Street');
insert into Adopter (adopterID, name, phoneNumber, address) values (44, 'Gustav Mackelworth', '486-449-3121', '5490 Almo Junction');
insert into Adopter (adopterID, name, phoneNumber, address) values (45, 'Klemens Gidney', '516-807-6505', '51 Oriole Road');
insert into Adopter (adopterID, name, phoneNumber, address) values (46, 'Rhett Stedmond', '672-895-1128', '97 Jay Trail');
insert into Adopter (adopterID, name, phoneNumber, address) values (47, 'Iris Selburn', '329-887-7196', '21630 Hanson Parkway');
insert into Adopter (adopterID, name, phoneNumber, address) values (48, 'Row Ubanks', '169-441-4322', '6 Straubel Road');
insert into Adopter (adopterID, name, phoneNumber, address) values (49, 'Joyan Kimbley', '429-674-8898', '76919 Nancy Alley');
insert into Adopter (adopterID, name, phoneNumber, address) values (50, 'Caria Chateau', '670-869-8873', '2812 Sutteridge Plaza');
insert into Adopter (adopterID, name, phoneNumber, address) values (51, 'Steffi O''Lagene', '337-380-5177', '3843 Sommers Road');
insert into Adopter (adopterID, name, phoneNumber, address) values (52, 'Sile Zukierman', '597-931-7090', '97900 Waubesa Circle');
insert into Adopter (adopterID, name, phoneNumber, address) values (53, 'Thekla Bullerwell', '762-345-2697', '33517 Nova Center');
insert into Adopter (adopterID, name, phoneNumber, address) values (54, 'Kaycee Gaskin', '673-100-9463', '98 Rieder Parkway');
insert into Adopter (adopterID, name, phoneNumber, address) values (55, 'Nathaniel Fellini', '969-729-3520', '23955 Oriole Lane');
insert into Adopter (adopterID, name, phoneNumber, address) values (56, 'Athena Wimmer', '990-689-7963', '297 La Follette Center');
insert into Adopter (adopterID, name, phoneNumber, address) values (57, 'Ginger Hubbis', '865-733-8551', '23792 Merchant Court');
insert into Adopter (adopterID, name, phoneNumber, address) values (58, 'Owen Brownfield', '522-216-3271', '215 Manufacturers Trail');
insert into Adopter (adopterID, name, phoneNumber, address) values (59, 'Caryl Postians', '882-963-7912', '39 Glendale Center');
insert into Adopter (adopterID, name, phoneNumber, address) values (60, 'Debra Bernini', '489-115-7259', '640 Lindbergh Street');
insert into Adopter (adopterID, name, phoneNumber, address) values (61, 'Whittaker Coulson', '594-254-1685', '881 Cherokee Crossing');
insert into Adopter (adopterID, name, phoneNumber, address) values (62, 'Cristie Sumsion', '163-317-8365', '72498 Lillian Circle');
insert into Adopter (adopterID, name, phoneNumber, address) values (63, 'Horten Anstee', '212-965-2297', '5653 Northfield Way');
insert into Adopter (adopterID, name, phoneNumber, address) values (64, 'Haleigh Van Oord', '260-365-9412', '0 Waxwing Parkway');
insert into Adopter (adopterID, name, phoneNumber, address) values (65, 'Ansel De la Barre', '682-726-2149', '16 Fieldstone Park');
insert into Adopter (adopterID, name, phoneNumber, address) values (66, 'Heinrik Passion', '263-861-9221', '6 Bashford Avenue');
insert into Adopter (adopterID, name, phoneNumber, address) values (67, 'Rickert de Keyser', '348-505-9252', '8 Merry Point');
insert into Adopter (adopterID, name, phoneNumber, address) values (68, 'Lorne Thowless', '579-808-4710', '8374 Rutledge Trail');
insert into Adopter (adopterID, name, phoneNumber, address) values (69, 'Waiter Le Blond', '306-829-5536', '3 Iowa Road');
insert into Adopter (adopterID, name, phoneNumber, address) values (70, 'Alameda Yellowlee', '979-832-8531', '6248 Manufacturers Trail');
insert into Adopter (adopterID, name, phoneNumber, address) values (71, 'Merralee Folbige', '824-109-3951', '0 Glendale Alley');
insert into Adopter (adopterID, name, phoneNumber, address) values (72, 'Ruthi Kingsley', '126-671-4825', '37652 Michigan Circle');
insert into Adopter (adopterID, name, phoneNumber, address) values (73, 'Myra Rutledge', '203-699-2935', '7268 Almo Junction');
insert into Adopter (adopterID, name, phoneNumber, address) values (74, 'Adara Lincoln', '275-305-9466', '4 Clove Park');
insert into Adopter (adopterID, name, phoneNumber, address) values (75, 'Flint Ferenczy', '505-109-6175', '52226 Messerschmidt Park');
insert into Adopter (adopterID, name, phoneNumber, address) values (76, 'Donnie Axcell', '385-472-7665', '249 Anthes Alley');
insert into Adopter (adopterID, name, phoneNumber, address) values (77, 'Camille Smithson', '462-149-0902', '2968 Mayfield Way');
insert into Adopter (adopterID, name, phoneNumber, address) values (78, 'Troy Dovermann', '200-486-3659', '580 Debra Lane');
insert into Adopter (adopterID, name, phoneNumber, address) values (79, 'Nadean Bishell', '218-360-5554', '8 Crest Line Lane');
insert into Adopter (adopterID, name, phoneNumber, address) values (80, 'Anallese Babcock', '997-387-5764', '4191 Ridgeway Street');
insert into Adopter (adopterID, name, phoneNumber, address) values (81, 'Fallon Conville', '625-719-0233', '2938 Veith Plaza');
insert into Adopter (adopterID, name, phoneNumber, address) values (82, 'Wheeler Petyakov', '183-127-7775', '931 Elka Circle');
insert into Adopter (adopterID, name, phoneNumber, address) values (83, 'Inglis Twitchett', '714-608-5925', '9 Hoard Trail');
insert into Adopter (adopterID, name, phoneNumber, address) values (84, 'Idalina Verdon', '806-453-4149', '1044 Donald Pass');
insert into Adopter (adopterID, name, phoneNumber, address) values (85, 'Vernen Rayson', '445-463-9139', '8 Pleasure Crossing');
insert into Adopter (adopterID, name, phoneNumber, address) values (86, 'Kimberlyn Whiteway', '344-470-4241', '75 Mosinee Lane');
insert into Adopter (adopterID, name, phoneNumber, address) values (87, 'Guenna Shepherd', '596-373-7752', '0 Paget Alley');
insert into Adopter (adopterID, name, phoneNumber, address) values (88, 'Cyndi Husbands', '563-903-6332', '75 Oak Valley Lane');
insert into Adopter (adopterID, name, phoneNumber, address) values (89, 'Godiva Jephson', '458-110-5264', '8224 Mallard Parkway');
insert into Adopter (adopterID, name, phoneNumber, address) values (90, 'Balduin Spellessy', '818-133-0269', '2456 Jackson Center');
insert into Adopter (adopterID, name, phoneNumber, address) values (91, 'Roseline Cazereau', '561-938-2472', '94585 Loeprich Trail');
insert into Adopter (adopterID, name, phoneNumber, address) values (92, 'Callean Woodier', '755-543-5600', '452 Gerald Park');
insert into Adopter (adopterID, name, phoneNumber, address) values (93, 'Lonna Ridehalgh', '286-332-9074', '37340 Springs Road');
insert into Adopter (adopterID, name, phoneNumber, address) values (94, 'Ervin Abramchik', '213-774-7689', '34 Ridge Oak Street');
insert into Adopter (adopterID, name, phoneNumber, address) values (95, 'Seamus Ralphs', '932-664-7865', '67634 Harbort Parkway');
insert into Adopter (adopterID, name, phoneNumber, address) values (96, 'Toddie Caveill', '581-466-7172', '47 Del Mar Street');
insert into Adopter (adopterID, name, phoneNumber, address) values (97, 'Guglielma Wooddisse', '150-721-5705', '9491 Texas Road');
insert into Adopter (adopterID, name, phoneNumber, address) values (98, 'Ephrayim Bergin', '761-685-1445', '08 Di Loreto Drive');
insert into Adopter (adopterID, name, phoneNumber, address) values (99, 'Theo Gerrill', '549-847-2692', '383 Pankratz Pass');
insert into Adopter (adopterID, name, phoneNumber, address) values (100, 'Suzann Readwing', '699-592-9259', '75675 Dunning Road');
insert into Adopter (adopterID, name, phoneNumber, address) values (101, 'Alvira Fricke', '382-131-7978', '11 Crowley Circle');
insert into Adopter (adopterID, name, phoneNumber, address) values (102, 'Roselle Ruddlesden', '733-197-0972', '52 Mifflin Plaza');
insert into Adopter (adopterID, name, phoneNumber, address) values (103, 'Iorgo Helwig', '263-405-9050', '104 Drewry Pass');
insert into Adopter (adopterID, name, phoneNumber, address) values (104, 'Zenia Corser', '496-943-0508', '70 Tennessee Terrace');
insert into Adopter (adopterID, name, phoneNumber, address) values (105, 'Belita Garham', '386-303-7740', '0660 Sunfield Pass');
insert into Adopter (adopterID, name, phoneNumber, address) values (106, 'Llewellyn Revey', '224-705-1431', '1 Pleasure Alley');
insert into Adopter (adopterID, name, phoneNumber, address) values (107, 'Jewelle Robun', '351-928-0544', '9 Weeping Birch Crossing');
insert into Adopter (adopterID, name, phoneNumber, address) values (108, 'Rorke De Bernardi', '596-779-8507', '608 Old Gate Street');
insert into Adopter (adopterID, name, phoneNumber, address) values (109, 'Naomi Snibson', '462-829-8066', '292 Bonner Alley');
insert into Adopter (adopterID, name, phoneNumber, address) values (110, 'Daisie Bastock', '973-984-3416', '60 Annamark Park');
insert into Adopter (adopterID, name, phoneNumber, address) values (111, 'Rufus Housden', '634-192-5523', '669 Marcy Crossing');
insert into Adopter (adopterID, name, phoneNumber, address) values (112, 'Mitchell Eliet', '186-664-5550', '87 Petterle Point');
insert into Adopter (adopterID, name, phoneNumber, address) values (113, 'Silva Trevan', '275-990-6934', '928 Bunker Hill Terrace');
insert into Adopter (adopterID, name, phoneNumber, address) values (114, 'Fayina Bingley', '196-710-0364', '9676 Aberg Street');
insert into Adopter (adopterID, name, phoneNumber, address) values (115, 'Aryn Garthland', '240-583-3438', '897 Green Ridge Point');
insert into Adopter (adopterID, name, phoneNumber, address) values (116, 'Tonya Batkin', '813-775-2749', '484 Oak Way');
insert into Adopter (adopterID, name, phoneNumber, address) values (117, 'Laurice Emmott', '364-436-1205', '16003 Namekagon Hill');
insert into Adopter (adopterID, name, phoneNumber, address) values (118, 'Vale Neath', '424-512-5905', '97 Arizona Alley');
insert into Adopter (adopterID, name, phoneNumber, address) values (119, 'Toddy Byfield', '757-884-9029', '3 Welch Parkway');
insert into Adopter (adopterID, name, phoneNumber, address) values (120, 'Cosme Glazyer', '420-787-0976', '4378 Garrison Parkway');
insert into Adopter (adopterID, name, phoneNumber, address) values (121, 'Ram Slot', '827-596-0137', '6 Vera Center');
insert into Adopter (adopterID, name, phoneNumber, address) values (122, 'Dayna Campsall', '118-637-6149', '3 Kropf Park');
insert into Adopter (adopterID, name, phoneNumber, address) values (123, 'Aharon Lethibridge', '589-305-7547', '5 Myrtle Crossing');
insert into Adopter (adopterID, name, phoneNumber, address) values (124, 'Irvine Wigsell', '740-779-6195', '19 Chive Plaza');
insert into Adopter (adopterID, name, phoneNumber, address) values (125, 'Tomasina Connochie', '110-233-3677', '75317 Myrtle Trail');
insert into Adopter (adopterID, name, phoneNumber, address) values (126, 'Pamelina Chestnut', '263-401-9265', '6 Starling Park');
insert into Adopter (adopterID, name, phoneNumber, address) values (127, 'Corby Haw', '844-179-3983', '3145 Milwaukee Pass');
insert into Adopter (adopterID, name, phoneNumber, address) values (128, 'Remy Bartalucci', '618-856-7619', '1 Elgar Center');
insert into Adopter (adopterID, name, phoneNumber, address) values (129, 'Bevon Lorkins', '733-863-2145', '38509 Caliangt Point');
insert into Adopter (adopterID, name, phoneNumber, address) values (130, 'Ryun Merrifield', '368-622-0768', '9620 Towne Crossing');
insert into Adopter (adopterID, name, phoneNumber, address) values (131, 'Alla Boig', '800-675-7067', '436 Dapin Center');
insert into Adopter (adopterID, name, phoneNumber, address) values (132, 'Lula Gurnett', '620-183-6141', '0474 Mifflin Pass');
insert into Adopter (adopterID, name, phoneNumber, address) values (133, 'Lolita Emmerson', '560-695-0906', '19941 Corry Point');
insert into Adopter (adopterID, name, phoneNumber, address) values (134, 'Shawn Note', '707-928-5893', '19 Mandrake Park');
insert into Adopter (adopterID, name, phoneNumber, address) values (135, 'Ave Emmanuel', '140-799-4866', '13 Graedel Circle');
insert into Adopter (adopterID, name, phoneNumber, address) values (136, 'Pearla Sallans', '502-296-1988', '28390 Grim Center');
insert into Adopter (adopterID, name, phoneNumber, address) values (137, 'Sonni Bridie', '818-192-1543', '87727 Merrick Lane');
insert into Adopter (adopterID, name, phoneNumber, address) values (138, 'Pierre Wein', '519-951-2020', '14 Swallow Avenue');
insert into Adopter (adopterID, name, phoneNumber, address) values (139, 'Clara Byneth', '695-998-4095', '457 Nelson Drive');
insert into Adopter (adopterID, name, phoneNumber, address) values (140, 'Uta Ben-Aharon', '381-404-2455', '612 Pleasure Terrace');
insert into Adopter (adopterID, name, phoneNumber, address) values (141, 'Lewiss Burstowe', '139-277-8692', '90806 Kings Alley');
insert into Adopter (adopterID, name, phoneNumber, address) values (142, 'Evy Gaskell', '503-128-1116', '6988 Spaight Terrace');
insert into Adopter (adopterID, name, phoneNumber, address) values (143, 'Yance Gonet', '396-887-0421', '2580 Eagan Street');
insert into Adopter (adopterID, name, phoneNumber, address) values (144, 'Raffaello Faulds', '268-959-4300', '43 6th Hill');
insert into Adopter (adopterID, name, phoneNumber, address) values (145, 'Birdie Cleve', '579-287-9900', '73 Cascade Parkway');
insert into Adopter (adopterID, name, phoneNumber, address) values (146, 'Shaughn Hounsom', '129-858-0540', '9879 Ronald Regan Terrace');
insert into Adopter (adopterID, name, phoneNumber, address) values (147, 'Grace Pollington', '378-162-8883', '08 Southridge Trail');
insert into Adopter (adopterID, name, phoneNumber, address) values (148, 'Thornton Noir', '566-257-4773', '38351 Schiller Drive');
insert into Adopter (adopterID, name, phoneNumber, address) values (149, 'Yoshiko Pina', '281-226-6496', '2 Lyons Lane');
insert into Adopter (adopterID, name, phoneNumber, address) values (150, 'Lois Hastings', '592-178-4585', '3 Hauk Alley');

insert into Pet (petID, name, species) values (1, 'Callie', 'Dog');
insert into Pet (petID, name, species) values (2, 'Gus', 'Dog');
insert into Pet (petID, name, species) values (3, 'Shadow', 'Cat');
insert into Pet (petID, name, species) values (4, 'Rocky', 'Dog');
insert into Pet (petID, name, species) values (5, 'Teddy', 'Cat');
insert into Pet (petID, name, species) values (6, 'Cleo', 'Cat');
insert into Pet (petID, name, species) values (7, 'Louie', 'Dog');
insert into Pet (petID, name, species) values (8, 'Izzy', 'Dog');
insert into Pet (petID, name, species) values (9, 'Coco', 'Cat');
insert into Pet (petID, name, species) values (10, 'Sunny', 'Cat');
insert into Pet (petID, name, species) values (11, 'Mabel', 'Dog');
insert into Pet (petID, name, species) values (12, 'Ginger', 'Dog');
insert into Pet (petID, name, species) values (13, 'Oscar', 'Dog');
insert into Pet (petID, name, species) values (14, 'Pepper', 'Dog');
insert into Pet (petID, name, species) values (15, 'Millie', 'Dog');
insert into Pet (petID, name, species) values (16, 'Tank', 'Cat');
insert into Pet (petID, name, species) values (17, 'Bella', 'Cat');
insert into Pet (petID, name, species) values (18, 'Mocha', 'Dog');
insert into Pet (petID, name, species) values (19, 'Charlie', 'Cat');
insert into Pet (petID, name, species) values (20, 'Callie', 'Dog');
insert into Pet (petID, name, species) values (21, 'Ace', 'Cat');
insert into Pet (petID, name, species) values (22, 'Luna', 'Dog');
insert into Pet (petID, name, species) values (23, 'Willow', 'Dog');
insert into Pet (petID, name, species) values (24, 'Louie', 'Cat');
insert into Pet (petID, name, species) values (25, 'Misty', 'Dog');
insert into Pet (petID, name, species) values (26, 'Duke', 'Cat');
insert into Pet (petID, name, species) values (27, 'Remy', 'Cat');
insert into Pet (petID, name, species) values (28, 'Lulu', 'Cat');
insert into Pet (petID, name, species) values (29, 'Layla', 'Cat');
insert into Pet (petID, name, species) values (30, 'Ace', 'Dog');
insert into Pet (petID, name, species) values (31, 'Lola', 'Dog');
insert into Pet (petID, name, species) values (32, 'Cleo', 'Cat');
insert into Pet (petID, name, species) values (33, 'Daisy', 'Cat');
insert into Pet (petID, name, species) values (34, 'Moose', 'Dog');
insert into Pet (petID, name, species) values (35, 'Winston', 'Dog');
insert into Pet (petID, name, species) values (36, 'Nova', 'Dog');
insert into Pet (petID, name, species) values (37, 'Gus', 'Cat');
insert into Pet (petID, name, species) values (38, 'Bentley', 'Cat');
insert into Pet (petID, name, species) values (39, 'Zeus', 'Dog');
insert into Pet (petID, name, species) values (40, 'Pepper', 'Cat');
insert into Pet (petID, name, species) values (41, 'Cleo', 'Cat');
insert into Pet (petID, name, species) values (42, 'Bentley', 'Dog');
insert into Pet (petID, name, species) values (43, 'Sunny', 'Cat');
insert into Pet (petID, name, species) values (44, 'Cleo', 'Cat');
insert into Pet (petID, name, species) values (45, 'Sadie', 'Cat');
insert into Pet (petID, name, species) values (46, 'Finn', 'Cat');
insert into Pet (petID, name, species) values (47, 'Dexter', 'Cat');
insert into Pet (petID, name, species) values (48, 'Luna', 'Cat');
insert into Pet (petID, name, species) values (49, 'Sadie', 'Cat');
insert into Pet (petID, name, species) values (50, 'Harley', 'Cat');
insert into Pet (petID, name, species) values (51, 'Sunny', 'Dog');
insert into Pet (petID, name, species) values (52, 'Harley', 'Dog');
insert into Pet (petID, name, species) values (53, 'Stella', 'Cat');
insert into Pet (petID, name, species) values (54, 'Rocky', 'Dog');
insert into Pet (petID, name, species) values (55, 'Duke', 'Cat');
insert into Pet (petID, name, species) values (56, 'Cinnamon', 'Cat');
insert into Pet (petID, name, species) values (57, 'Izzy', 'Dog');
insert into Pet (petID, name, species) values (58, 'Cleo', 'Cat');
insert into Pet (petID, name, species) values (59, 'Sophie', 'Cat');
insert into Pet (petID, name, species) values (60, 'Hazel', 'Dog');
insert into Pet (petID, name, species) values (61, 'Apollo', 'Dog');
insert into Pet (petID, name, species) values (62, 'Scout', 'Dog');
insert into Pet (petID, name, species) values (63, 'Sadie', 'Cat');
insert into Pet (petID, name, species) values (64, 'Riley', 'Dog');
insert into Pet (petID, name, species) values (65, 'Finn', 'Dog');
insert into Pet (petID, name, species) values (66, 'Stella', 'Cat');
insert into Pet (petID, name, species) values (67, 'Dexter', 'Dog');
insert into Pet (petID, name, species) values (68, 'Boomer', 'Dog');
insert into Pet (petID, name, species) values (69, 'Moose', 'Dog');
insert into Pet (petID, name, species) values (70, 'Apollo', 'Cat');
insert into Pet (petID, name, species) values (71, 'Nina', 'Cat');
insert into Pet (petID, name, species) values (72, 'Molly', 'Cat');
insert into Pet (petID, name, species) values (73, 'Rocco', 'Dog');
insert into Pet (petID, name, species) values (74, 'Lola', 'Dog');
insert into Pet (petID, name, species) values (75, 'Mia', 'Dog');
insert into Pet (petID, name, species) values (76, 'Simba', 'Cat');
insert into Pet (petID, name, species) values (77, 'Holly', 'Cat');
insert into Pet (petID, name, species) values (78, 'Lily', 'Cat');
insert into Pet (petID, name, species) values (79, 'Simba', 'Cat');
insert into Pet (petID, name, species) values (80, 'Murphy', 'Dog');
insert into Pet (petID, name, species) values (81, 'Finn', 'Cat');
insert into Pet (petID, name, species) values (82, 'Mia', 'Dog');
insert into Pet (petID, name, species) values (83, 'Lily', 'Dog');
insert into Pet (petID, name, species) values (84, 'Finn', 'Cat');
insert into Pet (petID, name, species) values (85, 'Layla', 'Cat');
insert into Pet (petID, name, species) values (86, 'Lily', 'Dog');
insert into Pet (petID, name, species) values (87, 'Willow', 'Dog');
insert into Pet (petID, name, species) values (88, 'Callie', 'Cat');
insert into Pet (petID, name, species) values (89, 'Mia', 'Cat');
insert into Pet (petID, name, species) values (90, 'Layla', 'Dog');
insert into Pet (petID, name, species) values (91, 'Minnie', 'Dog');
insert into Pet (petID, name, species) values (92, 'Holly', 'Cat');
insert into Pet (petID, name, species) values (93, 'Willow', 'Dog');
insert into Pet (petID, name, species) values (94, 'Frankie', 'Cat');
insert into Pet (petID, name, species) values (95, 'Otis', 'Cat');
insert into Pet (petID, name, species) values (96, 'Sam', 'Cat');
insert into Pet (petID, name, species) values (97, 'Millie', 'Cat');
insert into Pet (petID, name, species) values (98, 'Toby', 'Cat');
insert into Pet (petID, name, species) values (99, 'Bella', 'Cat');
insert into Pet (petID, name, species) values (100, 'Buddy', 'Dog');
insert into Pet (petID, name, species) values (101, 'Cinnamon', 'Cat');
insert into Pet (petID, name, species) values (102, 'Sam', 'Cat');
insert into Pet (petID, name, species) values (103, 'Charlie', 'Cat');
insert into Pet (petID, name, species) values (104, 'Koda', 'Cat');
insert into Pet (petID, name, species) values (105, 'Rufus', 'Dog');
insert into Pet (petID, name, species) values (106, 'Rufus', 'Cat');
insert into Pet (petID, name, species) values (107, 'Mia', 'Dog');
insert into Pet (petID, name, species) values (108, 'Lola', 'Dog');
insert into Pet (petID, name, species) values (109, 'Izzy', 'Dog');
insert into Pet (petID, name, species) values (110, 'Apollo', 'Dog');
insert into Pet (petID, name, species) values (111, 'Maggie', 'Cat');
insert into Pet (petID, name, species) values (112, 'Archie', 'Cat');
insert into Pet (petID, name, species) values (113, 'Penny', 'Cat');
insert into Pet (petID, name, species) values (114, 'Nala', 'Dog');
insert into Pet (petID, name, species) values (115, 'Maggie', 'Dog');
insert into Pet (petID, name, species) values (116, 'Charlie', 'Cat');
insert into Pet (petID, name, species) values (117, 'Ellie', 'Cat');
insert into Pet (petID, name, species) values (118, 'Sam', 'Cat');
insert into Pet (petID, name, species) values (119, 'Bear', 'Dog');
insert into Pet (petID, name, species) values (120, 'Murphy', 'Dog');
insert into Pet (petID, name, species) values (121, 'Sam', 'Cat');
insert into Pet (petID, name, species) values (122, 'Buster', 'Dog');
insert into Pet (petID, name, species) values (123, 'Layla', 'Dog');
insert into Pet (petID, name, species) values (124, 'Callie', 'Cat');
insert into Pet (petID, name, species) values (125, 'Sophie', 'Cat');
insert into Pet (petID, name, species) values (126, 'Otis', 'Cat');
insert into Pet (petID, name, species) values (127, 'Shadow', 'Cat');
insert into Pet (petID, name, species) values (128, 'Luna', 'Cat');
insert into Pet (petID, name, species) values (129, 'Boomer', 'Cat');
insert into Pet (petID, name, species) values (130, 'Ginger', 'Dog');
insert into Pet (petID, name, species) values (131, 'Zeus', 'Cat');
insert into Pet (petID, name, species) values (132, 'Willow', 'Cat');
insert into Pet (petID, name, species) values (133, 'Archie', 'Dog');
insert into Pet (petID, name, species) values (134, 'Mabel', 'Dog');
insert into Pet (petID, name, species) values (135, 'Zoe', 'Dog');
insert into Pet (petID, name, species) values (136, 'Gus', 'Dog');
insert into Pet (petID, name, species) values (137, 'Simba', 'Dog');
insert into Pet (petID, name, species) values (138, 'Hank', 'Dog');
insert into Pet (petID, name, species) values (139, 'Sasha', 'Cat');
insert into Pet (petID, name, species) values (140, 'Molly', 'Dog');
insert into Pet (petID, name, species) values (141, 'Chloe', 'Dog');
insert into Pet (petID, name, species) values (142, 'Sadie', 'Dog');
insert into Pet (petID, name, species) values (143, 'Finn', 'Dog');
insert into Pet (petID, name, species) values (144, 'Lucy', 'Dog');
insert into Pet (petID, name, species) values (145, 'Gus', 'Cat');
insert into Pet (petID, name, species) values (146, 'Daisy', 'Dog');
insert into Pet (petID, name, species) values (147, 'Archie', 'Cat');
insert into Pet (petID, name, species) values (148, 'Teddy', 'Cat');
insert into Pet (petID, name, species) values (149, 'Moose', 'Dog');
insert into Pet (petID, name, species) values (150, 'Rocky', 'Cat');
insert into Pet (petID, name, species) values (151, 'Harley', 'Cat');
insert into Pet (petID, name, species) values (152, 'Gus', 'Dog');
insert into Pet (petID, name, species) values (153, 'Lily', 'Dog');
insert into Pet (petID, name, species) values (154, 'Rocky', 'Dog');
insert into Pet (petID, name, species) values (155, 'Callie', 'Cat');
insert into Pet (petID, name, species) values (156, 'Apollo', 'Cat');
insert into Pet (petID, name, species) values (157, 'Rocco', 'Cat');
insert into Pet (petID, name, species) values (158, 'Tank', 'Cat');
insert into Pet (petID, name, species) values (159, 'Mabel', 'Dog');
insert into Pet (petID, name, species) values (160, 'Luna', 'Cat');
insert into Pet (petID, name, species) values (161, 'Boomer', 'Dog');
insert into Pet (petID, name, species) values (162, 'Rocky', 'Dog');
insert into Pet (petID, name, species) values (163, 'Cleo', 'Dog');
insert into Pet (petID, name, species) values (164, 'Moose', 'Dog');
insert into Pet (petID, name, species) values (165, 'Rocky', 'Cat');
insert into Pet (petID, name, species) values (166, 'Rex', 'Dog');
insert into Pet (petID, name, species) values (167, 'Nala', 'Dog');
insert into Pet (petID, name, species) values (168, 'Dexter', 'Dog');
insert into Pet (petID, name, species) values (169, 'Lucy', 'Cat');
insert into Pet (petID, name, species) values (170, 'Luna', 'Cat');
insert into Pet (petID, name, species) values (171, 'Scout', 'Dog');
insert into Pet (petID, name, species) values (172, 'Cinnamon', 'Dog');
insert into Pet (petID, name, species) values (173, 'Nova', 'Cat');
insert into Pet (petID, name, species) values (174, 'Milo', 'Dog');
insert into Pet (petID, name, species) values (175, 'Oscar', 'Cat');
insert into Pet (petID, name, species) values (176, 'Layla', 'Cat');
insert into Pet (petID, name, species) values (177, 'Bentley', 'Dog');
insert into Pet (petID, name, species) values (178, 'Sam', 'Cat');
insert into Pet (petID, name, species) values (179, 'Harley', 'Cat');
insert into Pet (petID, name, species) values (180, 'Gus', 'Dog');
insert into Pet (petID, name, species) values (181, 'Rufus', 'Cat');
insert into Pet (petID, name, species) values (182, 'Apollo', 'Dog');
insert into Pet (petID, name, species) values (183, 'Leo', 'Dog');
insert into Pet (petID, name, species) values (184, 'Moose', 'Cat');
insert into Pet (petID, name, species) values (185, 'Millie', 'Cat');
insert into Pet (petID, name, species) values (186, 'Rosie', 'Dog');
insert into Pet (petID, name, species) values (187, 'Maggie', 'Cat');
insert into Pet (petID, name, species) values (188, 'Sophie', 'Cat');
insert into Pet (petID, name, species) values (189, 'Otis', 'Dog');
insert into Pet (petID, name, species) values (190, 'Oscar', 'Dog');
insert into Pet (petID, name, species) values (191, 'Bella', 'Cat');
insert into Pet (petID, name, species) values (192, 'Shadow', 'Cat');
insert into Pet (petID, name, species) values (193, 'Misty', 'Dog');
insert into Pet (petID, name, species) values (194, 'Rufus', 'Cat');
insert into Pet (petID, name, species) values (195, 'Max', 'Dog');
insert into Pet (petID, name, species) values (196, 'Ollie', 'Dog');
insert into Pet (petID, name, species) values (197, 'Hazel', 'Dog');
insert into Pet (petID, name, species) values (198, 'Willow', 'Dog');
insert into Pet (petID, name, species) values (199, 'Riley', 'Cat');
insert into Pet (petID, name, species) values (200, 'Winnie', 'Cat');

insert into Adoption (adoptionID, adopterID, petID, fee, adoptionDate) values (1, 5, 1, '$36.92', '2024-06-16 15:30:16');
insert into Adoption (adoptionID, adopterID, petID, fee, adoptionDate) values (2, 20, 2, '$0.11', '2024-07-27 08:25:43');
insert into Adoption (adoptionID, adopterID, petID, fee, adoptionDate) values (3, 42, 3, '$42.41', '2024-10-03 15:13:46');
insert into Adoption (adoptionID, adopterID, petID, fee, adoptionDate) values (4, 99, 4, '$40.78', '2024-08-10 00:55:10');
insert into Adoption (adoptionID, adopterID, petID, fee, adoptionDate) values (5, 104, 5, '$24.42', '2025-08-28 04:23:57');
insert into Adoption (adoptionID, adopterID, petID, fee, adoptionDate) values (6, 30, 6, '$7.61', '2025-04-29 13:36:06');
insert into Adoption (adoptionID, adopterID, petID, fee, adoptionDate) values (7, 119, 7, '$39.40', '2024-01-03 02:44:24');
insert into Adoption (adoptionID, adopterID, petID, fee, adoptionDate) values (8, 39, 8, '$17.68', '2025-03-07 23:09:44');
insert into Adoption (adoptionID, adopterID, petID, fee, adoptionDate) values (9, 141, 9, '$5.24', '2025-10-30 13:55:14');
insert into Adoption (adoptionID, adopterID, petID, fee, adoptionDate) values (10, 118, 10, '$22.19', '2024-09-02 07:20:29');
insert into Adoption (adoptionID, adopterID, petID, fee, adoptionDate) values (11, 6, 11, '$37.45', '2025-02-05 11:36:35');
insert into Adoption (adoptionID, adopterID, petID, fee, adoptionDate) values (12, 124, 12, '$4.09', '2025-08-13 07:14:22');
insert into Adoption (adoptionID, adopterID, petID, fee, adoptionDate) values (13, 45, 13, '$16.08', '2024-09-09 06:07:41');
insert into Adoption (adoptionID, adopterID, petID, fee, adoptionDate) values (14, 140, 14, '$40.23', '2025-04-12 11:52:12');
insert into Adoption (adoptionID, adopterID, petID, fee, adoptionDate) values (15, 129, 15, '$37.51', '2024-12-05 21:09:45');
insert into Adoption (adoptionID, adopterID, petID, fee, adoptionDate) values (16, 135, 16, '$30.91', '2024-05-06 20:25:14');
insert into Adoption (adoptionID, adopterID, petID, fee, adoptionDate) values (17, 20, 17, '$5.18', '2025-10-26 11:31:08');
insert into Adoption (adoptionID, adopterID, petID, fee, adoptionDate) values (18, 70, 18, '$43.45', '2024-02-09 09:35:52');
insert into Adoption (adoptionID, adopterID, petID, fee, adoptionDate) values (19, 120, 19, '$45.36', '2025-08-23 14:33:27');
insert into Adoption (adoptionID, adopterID, petID, fee, adoptionDate) values (20, 18, 20, '$44.42', '2025-07-04 14:40:22');
insert into Adoption (adoptionID, adopterID, petID, fee, adoptionDate) values (21, 35, 21, '$11.79', '2025-07-05 17:06:14');
insert into Adoption (adoptionID, adopterID, petID, fee, adoptionDate) values (22, 20, 22, '$15.48', '2025-11-01 06:01:50');
insert into Adoption (adoptionID, adopterID, petID, fee, adoptionDate) values (23, 94, 23, '$29.52', '2024-05-06 07:06:01');
insert into Adoption (adoptionID, adopterID, petID, fee, adoptionDate) values (24, 42, 24, '$1.62', '2025-08-19 23:31:13');
insert into Adoption (adoptionID, adopterID, petID, fee, adoptionDate) values (25, 73, 25, '$46.41', '2024-01-04 17:43:38');
insert into Adoption (adoptionID, adopterID, petID, fee, adoptionDate) values (26, 3, 26, '$25.54', '2025-03-24 16:06:12');
insert into Adoption (adoptionID, adopterID, petID, fee, adoptionDate) values (27, 77, 27, '$16.31', '2025-09-25 14:12:25');
insert into Adoption (adoptionID, adopterID, petID, fee, adoptionDate) values (28, 149, 28, '$23.39', '2025-07-29 08:09:38');
insert into Adoption (adoptionID, adopterID, petID, fee, adoptionDate) values (29, 116, 29, '$25.60', '2025-05-15 16:58:45');
insert into Adoption (adoptionID, adopterID, petID, fee, adoptionDate) values (30, 150, 30, '$23.20', '2025-06-04 20:21:39');
insert into Adoption (adoptionID, adopterID, petID, fee, adoptionDate) values (31, 29, 31, '$32.53', '2025-04-29 10:31:28');
insert into Adoption (adoptionID, adopterID, petID, fee, adoptionDate) values (32, 68, 32, '$43.21', '2025-08-22 15:31:39');
insert into Adoption (adoptionID, adopterID, petID, fee, adoptionDate) values (33, 57, 33, '$42.06', '2024-06-26 11:56:44');
insert into Adoption (adoptionID, adopterID, petID, fee, adoptionDate) values (34, 110, 34, '$28.28', '2025-03-08 14:46:49');
insert into Adoption (adoptionID, adopterID, petID, fee, adoptionDate) values (35, 29, 35, '$23.59', '2025-04-20 05:56:43');
insert into Adoption (adoptionID, adopterID, petID, fee, adoptionDate) values (36, 89, 36, '$7.48', '2025-02-24 03:10:15');
insert into Adoption (adoptionID, adopterID, petID, fee, adoptionDate) values (37, 12, 37, '$4.47', '2024-12-30 03:05:34');
insert into Adoption (adoptionID, adopterID, petID, fee, adoptionDate) values (38, 119, 38, '$48.92', '2025-03-05 07:09:11');
insert into Adoption (adoptionID, adopterID, petID, fee, adoptionDate) values (39, 108, 39, '$43.82', '2024-07-12 13:13:06');
insert into Adoption (adoptionID, adopterID, petID, fee, adoptionDate) values (40, 82, 40, '$31.51', '2024-10-18 10:34:54');
insert into Adoption (adoptionID, adopterID, petID, fee, adoptionDate) values (41, 75, 41, '$17.56', '2025-04-03 06:41:18');
insert into Adoption (adoptionID, adopterID, petID, fee, adoptionDate) values (42, 73, 42, '$8.40', '2024-12-27 13:52:29');
insert into Adoption (adoptionID, adopterID, petID, fee, adoptionDate) values (43, 56, 43, '$27.01', '2024-05-16 17:37:10');
insert into Adoption (adoptionID, adopterID, petID, fee, adoptionDate) values (44, 143, 44, '$46.50', '2025-06-17 05:23:00');
insert into Adoption (adoptionID, adopterID, petID, fee, adoptionDate) values (45, 97, 45, '$28.09', '2024-11-20 00:53:53');
insert into Adoption (adoptionID, adopterID, petID, fee, adoptionDate) values (46, 142, 46, '$34.45', '2024-08-30 13:17:06');
insert into Adoption (adoptionID, adopterID, petID, fee, adoptionDate) values (47, 32, 47, '$19.51', '2025-08-18 02:48:19');
insert into Adoption (adoptionID, adopterID, petID, fee, adoptionDate) values (48, 25, 48, '$34.89', '2025-02-03 21:14:12');
insert into Adoption (adoptionID, adopterID, petID, fee, adoptionDate) values (49, 30, 49, '$45.07', '2024-05-04 19:48:49');
insert into Adoption (adoptionID, adopterID, petID, fee, adoptionDate) values (50, 91, 50, '$43.69', '2024-03-25 11:07:48');
insert into Adoption (adoptionID, adopterID, petID, fee, adoptionDate) values (51, 41, 51, '$25.39', '2025-05-09 07:48:24');
insert into Adoption (adoptionID, adopterID, petID, fee, adoptionDate) values (52, 31, 52, '$8.14', '2025-10-31 06:57:29');
insert into Adoption (adoptionID, adopterID, petID, fee, adoptionDate) values (53, 91, 53, '$5.33', '2025-04-24 20:29:29');
insert into Adoption (adoptionID, adopterID, petID, fee, adoptionDate) values (54, 84, 54, '$8.76', '2025-01-06 16:35:20');
insert into Adoption (adoptionID, adopterID, petID, fee, adoptionDate) values (55, 73, 55, '$9.84', '2024-09-26 03:54:05');
insert into Adoption (adoptionID, adopterID, petID, fee, adoptionDate) values (56, 32, 56, '$17.89', '2025-06-26 03:32:42');
insert into Adoption (adoptionID, adopterID, petID, fee, adoptionDate) values (57, 61, 57, '$36.06', '2025-08-31 04:19:20');
insert into Adoption (adoptionID, adopterID, petID, fee, adoptionDate) values (58, 11, 58, '$49.17', '2024-04-30 01:58:21');
insert into Adoption (adoptionID, adopterID, petID, fee, adoptionDate) values (59, 102, 59, '$3.18', '2024-10-07 15:35:00');
insert into Adoption (adoptionID, adopterID, petID, fee, adoptionDate) values (60, 112, 60, '$45.45', '2024-01-20 06:03:41');
insert into Adoption (adoptionID, adopterID, petID, fee, adoptionDate) values (61, 148, 61, '$4.78', '2025-08-23 19:11:12');
insert into Adoption (adoptionID, adopterID, petID, fee, adoptionDate) values (62, 32, 62, '$16.96', '2025-10-29 02:29:46');
insert into Adoption (adoptionID, adopterID, petID, fee, adoptionDate) values (63, 71, 63, '$43.84', '2024-01-06 20:23:32');
insert into Adoption (adoptionID, adopterID, petID, fee, adoptionDate) values (64, 88, 64, '$37.55', '2024-02-18 20:35:57');
insert into Adoption (adoptionID, adopterID, petID, fee, adoptionDate) values (65, 43, 65, '$47.58', '2024-04-05 18:10:53');
insert into Adoption (adoptionID, adopterID, petID, fee, adoptionDate) values (66, 79, 66, '$33.23', '2024-03-15 04:19:06');
insert into Adoption (adoptionID, adopterID, petID, fee, adoptionDate) values (67, 82, 67, '$45.83', '2024-10-24 20:35:03');
insert into Adoption (adoptionID, adopterID, petID, fee, adoptionDate) values (68, 53, 68, '$22.22', '2025-02-05 05:09:58');
insert into Adoption (adoptionID, adopterID, petID, fee, adoptionDate) values (69, 18, 69, '$6.90', '2025-06-22 14:49:55');
insert into Adoption (adoptionID, adopterID, petID, fee, adoptionDate) values (70, 82, 70, '$17.55', '2024-12-13 14:51:58');
insert into Adoption (adoptionID, adopterID, petID, fee, adoptionDate) values (71, 20, 71, '$23.41', '2024-06-04 23:33:54');
insert into Adoption (adoptionID, adopterID, petID, fee, adoptionDate) values (72, 100, 72, '$26.26', '2024-10-03 03:27:19');
insert into Adoption (adoptionID, adopterID, petID, fee, adoptionDate) values (73, 21, 73, '$25.95', '2024-01-27 04:43:41');
insert into Adoption (adoptionID, adopterID, petID, fee, adoptionDate) values (74, 42, 74, '$5.03', '2024-08-10 09:01:05');
insert into Adoption (adoptionID, adopterID, petID, fee, adoptionDate) values (75, 135, 75, '$0.85', '2025-08-01 14:52:30');
insert into Adoption (adoptionID, adopterID, petID, fee, adoptionDate) values (76, 84, 76, '$0.75', '2025-06-29 00:37:43');
insert into Adoption (adoptionID, adopterID, petID, fee, adoptionDate) values (77, 105, 77, '$24.11', '2025-07-22 16:44:41');
insert into Adoption (adoptionID, adopterID, petID, fee, adoptionDate) values (78, 117, 78, '$28.25', '2025-01-29 13:41:55');
insert into Adoption (adoptionID, adopterID, petID, fee, adoptionDate) values (79, 25, 79, '$30.73', '2024-07-13 14:22:36');
insert into Adoption (adoptionID, adopterID, petID, fee, adoptionDate) values (80, 55, 80, '$21.13', '2024-11-17 00:15:31');
insert into Adoption (adoptionID, adopterID, petID, fee, adoptionDate) values (81, 58, 81, '$3.58', '2024-03-05 02:37:52');
insert into Adoption (adoptionID, adopterID, petID, fee, adoptionDate) values (82, 30, 82, '$48.83', '2025-04-02 06:00:22');
insert into Adoption (adoptionID, adopterID, petID, fee, adoptionDate) values (83, 57, 83, '$3.78', '2024-01-01 13:59:42');
insert into Adoption (adoptionID, adopterID, petID, fee, adoptionDate) values (84, 41, 84, '$37.58', '2025-02-02 16:15:37');
insert into Adoption (adoptionID, adopterID, petID, fee, adoptionDate) values (85, 98, 85, '$21.66', '2024-01-06 02:47:43');
insert into Adoption (adoptionID, adopterID, petID, fee, adoptionDate) values (86, 48, 86, '$44.77', '2024-07-20 15:25:08');
insert into Adoption (adoptionID, adopterID, petID, fee, adoptionDate) values (87, 40, 87, '$25.29', '2024-04-07 20:40:14');
insert into Adoption (adoptionID, adopterID, petID, fee, adoptionDate) values (88, 30, 88, '$13.03', '2025-08-19 10:00:58');
insert into Adoption (adoptionID, adopterID, petID, fee, adoptionDate) values (89, 66, 89, '$14.71', '2024-12-22 21:01:09');
insert into Adoption (adoptionID, adopterID, petID, fee, adoptionDate) values (90, 68, 90, '$5.54', '2024-12-20 04:18:58');
insert into Adoption (adoptionID, adopterID, petID, fee, adoptionDate) values (91, 77, 91, '$31.92', '2024-01-23 19:49:57');
insert into Adoption (adoptionID, adopterID, petID, fee, adoptionDate) values (92, 39, 92, '$5.80', '2024-08-11 19:51:12');
insert into Adoption (adoptionID, adopterID, petID, fee, adoptionDate) values (93, 97, 93, '$35.35', '2024-02-25 23:24:38');
insert into Adoption (adoptionID, adopterID, petID, fee, adoptionDate) values (94, 26, 94, '$17.81', '2024-02-08 21:19:39');
insert into Adoption (adoptionID, adopterID, petID, fee, adoptionDate) values (95, 29, 95, '$1.32', '2024-05-28 14:14:16');
insert into Adoption (adoptionID, adopterID, petID, fee, adoptionDate) values (96, 134, 96, '$10.29', '2024-08-27 17:16:30');
insert into Adoption (adoptionID, adopterID, petID, fee, adoptionDate) values (97, 9, 97, '$5.18', '2024-06-29 02:46:52');
insert into Adoption (adoptionID, adopterID, petID, fee, adoptionDate) values (98, 43, 98, '$45.02', '2025-01-14 17:57:49');
insert into Adoption (adoptionID, adopterID, petID, fee, adoptionDate) values (99, 88, 99, '$16.58', '2025-03-31 20:53:24');
insert into Adoption (adoptionID, adopterID, petID, fee, adoptionDate) values (100, 113, 100, '$25.63', '2024-07-16 05:10:35');
insert into Adoption (adoptionID, adopterID, petID, fee, adoptionDate) values (101, 13, 101, '$18.49', '2025-03-12 05:58:52');
insert into Adoption (adoptionID, adopterID, petID, fee, adoptionDate) values (102, 13, 102, '$5.02', '2024-04-30 10:01:55');
insert into Adoption (adoptionID, adopterID, petID, fee, adoptionDate) values (103, 146, 103, '$35.28', '2025-09-04 08:30:17');
insert into Adoption (adoptionID, adopterID, petID, fee, adoptionDate) values (104, 123, 104, '$13.02', '2024-11-19 03:43:29');
insert into Adoption (adoptionID, adopterID, petID, fee, adoptionDate) values (105, 96, 105, '$15.52', '2025-09-25 21:20:44');
insert into Adoption (adoptionID, adopterID, petID, fee, adoptionDate) values (106, 52, 106, '$22.38', '2024-10-30 23:59:24');
insert into Adoption (adoptionID, adopterID, petID, fee, adoptionDate) values (107, 22, 107, '$16.79', '2025-10-17 08:42:21');
insert into Adoption (adoptionID, adopterID, petID, fee, adoptionDate) values (108, 89, 108, '$1.33', '2024-06-04 16:05:55');
insert into Adoption (adoptionID, adopterID, petID, fee, adoptionDate) values (109, 52, 109, '$38.11', '2024-01-27 12:49:23');
insert into Adoption (adoptionID, adopterID, petID, fee, adoptionDate) values (110, 133, 110, '$48.88', '2024-05-06 00:00:27');
insert into Adoption (adoptionID, adopterID, petID, fee, adoptionDate) values (111, 64, 111, '$14.32', '2024-04-13 10:48:23');
insert into Adoption (adoptionID, adopterID, petID, fee, adoptionDate) values (112, 75, 112, '$22.78', '2024-02-02 17:51:37');
insert into Adoption (adoptionID, adopterID, petID, fee, adoptionDate) values (113, 122, 113, '$49.22', '2024-12-26 04:18:54');
insert into Adoption (adoptionID, adopterID, petID, fee, adoptionDate) values (114, 71, 114, '$33.66', '2025-08-21 20:56:55');
insert into Adoption (adoptionID, adopterID, petID, fee, adoptionDate) values (115, 66, 115, '$25.78', '2024-02-08 05:44:40');
insert into Adoption (adoptionID, adopterID, petID, fee, adoptionDate) values (116, 60, 116, '$17.17', '2025-09-26 23:58:10');
insert into Adoption (adoptionID, adopterID, petID, fee, adoptionDate) values (117, 51, 117, '$20.82', '2024-09-23 11:30:41');
insert into Adoption (adoptionID, adopterID, petID, fee, adoptionDate) values (118, 4, 118, '$5.70', '2025-07-11 21:14:18');
insert into Adoption (adoptionID, adopterID, petID, fee, adoptionDate) values (119, 68, 119, '$13.52', '2025-09-08 20:59:20');
insert into Adoption (adoptionID, adopterID, petID, fee, adoptionDate) values (120, 93, 120, '$19.36', '2024-12-28 20:26:40');
insert into Adoption (adoptionID, adopterID, petID, fee, adoptionDate) values (121, 45, 121, '$38.59', '2025-02-15 22:12:06');
insert into Adoption (adoptionID, adopterID, petID, fee, adoptionDate) values (122, 29, 122, '$42.61', '2025-06-30 02:41:39');
insert into Adoption (adoptionID, adopterID, petID, fee, adoptionDate) values (123, 77, 123, '$38.66', '2024-11-10 14:28:17');
insert into Adoption (adoptionID, adopterID, petID, fee, adoptionDate) values (124, 108, 124, '$31.06', '2025-07-16 16:43:45');
insert into Adoption (adoptionID, adopterID, petID, fee, adoptionDate) values (125, 102, 125, '$38.82', '2025-10-01 18:56:16');
insert into Adoption (adoptionID, adopterID, petID, fee, adoptionDate) values (126, 5, 126, '$30.70', '2025-03-25 20:40:45');
insert into Adoption (adoptionID, adopterID, petID, fee, adoptionDate) values (127, 77, 127, '$40.62', '2025-07-03 22:41:44');
insert into Adoption (adoptionID, adopterID, petID, fee, adoptionDate) values (128, 57, 128, '$42.96', '2025-05-19 22:50:15');
insert into Adoption (adoptionID, adopterID, petID, fee, adoptionDate) values (129, 27, 129, '$0.67', '2024-08-02 16:26:17');
insert into Adoption (adoptionID, adopterID, petID, fee, adoptionDate) values (130, 106, 130, '$38.22', '2025-04-21 20:10:33');
insert into Adoption (adoptionID, adopterID, petID, fee, adoptionDate) values (131, 36, 131, '$43.87', '2024-07-31 05:43:13');
insert into Adoption (adoptionID, adopterID, petID, fee, adoptionDate) values (132, 31, 132, '$24.88', '2024-03-23 22:21:34');
insert into Adoption (adoptionID, adopterID, petID, fee, adoptionDate) values (133, 82, 133, '$30.85', '2024-01-22 08:21:58');
insert into Adoption (adoptionID, adopterID, petID, fee, adoptionDate) values (134, 30, 134, '$0.17', '2024-10-08 09:10:17');
insert into Adoption (adoptionID, adopterID, petID, fee, adoptionDate) values (135, 123, 135, '$45.06', '2024-11-05 20:42:57');
insert into Adoption (adoptionID, adopterID, petID, fee, adoptionDate) values (136, 110, 136, '$22.76', '2024-12-29 17:40:15');
insert into Adoption (adoptionID, adopterID, petID, fee, adoptionDate) values (137, 50, 137, '$17.06', '2024-12-23 10:38:13');
insert into Adoption (adoptionID, adopterID, petID, fee, adoptionDate) values (138, 56, 138, '$18.93', '2024-07-03 23:03:57');
insert into Adoption (adoptionID, adopterID, petID, fee, adoptionDate) values (139, 116, 139, '$19.27', '2024-11-10 20:07:02');
insert into Adoption (adoptionID, adopterID, petID, fee, adoptionDate) values (140, 38, 140, '$35.68', '2025-02-26 00:47:24');
insert into Adoption (adoptionID, adopterID, petID, fee, adoptionDate) values (141, 39, 141, '$20.08', '2024-08-23 06:47:10');
insert into Adoption (adoptionID, adopterID, petID, fee, adoptionDate) values (142, 140, 142, '$11.11', '2025-04-18 07:22:29');
insert into Adoption (adoptionID, adopterID, petID, fee, adoptionDate) values (143, 116, 143, '$37.48', '2025-01-14 06:18:32');
insert into Adoption (adoptionID, adopterID, petID, fee, adoptionDate) values (144, 50, 144, '$34.44', '2024-09-06 20:34:07');
insert into Adoption (adoptionID, adopterID, petID, fee, adoptionDate) values (145, 90, 145, '$14.38', '2025-01-29 09:44:23');
insert into Adoption (adoptionID, adopterID, petID, fee, adoptionDate) values (146, 6, 146, '$4.25', '2024-06-06 11:19:18');
insert into Adoption (adoptionID, adopterID, petID, fee, adoptionDate) values (147, 13, 147, '$29.12', '2024-02-23 09:49:52');
insert into Adoption (adoptionID, adopterID, petID, fee, adoptionDate) values (148, 89, 148, '$4.01', '2024-07-20 02:51:25');
insert into Adoption (adoptionID, adopterID, petID, fee, adoptionDate) values (149, 146, 149, '$49.82', '2024-03-15 04:53:46');
insert into Adoption (adoptionID, adopterID, petID, fee, adoptionDate) values (150, 103, 150, '$4.04', '2024-11-12 00:54:30');
insert into Adoption (adoptionID, adopterID, petID, fee, adoptionDate) values (151, 36, 151, '$22.98', '2024-03-28 18:31:05');
insert into Adoption (adoptionID, adopterID, petID, fee, adoptionDate) values (152, 130, 152, '$37.27', '2025-08-13 08:08:34');
insert into Adoption (adoptionID, adopterID, petID, fee, adoptionDate) values (153, 66, 153, '$11.80', '2025-10-24 20:38:27');
insert into Adoption (adoptionID, adopterID, petID, fee, adoptionDate) values (154, 105, 154, '$35.48', '2025-04-26 14:36:54');
insert into Adoption (adoptionID, adopterID, petID, fee, adoptionDate) values (155, 44, 155, '$8.29', '2025-04-06 16:10:25');
insert into Adoption (adoptionID, adopterID, petID, fee, adoptionDate) values (156, 120, 156, '$44.15', '2025-07-19 05:36:12');
insert into Adoption (adoptionID, adopterID, petID, fee, adoptionDate) values (157, 29, 157, '$15.74', '2024-08-16 02:45:27');
insert into Adoption (adoptionID, adopterID, petID, fee, adoptionDate) values (158, 140, 158, '$47.65', '2025-10-15 19:45:28');
insert into Adoption (adoptionID, adopterID, petID, fee, adoptionDate) values (159, 140, 159, '$40.23', '2025-07-31 19:10:01');
insert into Adoption (adoptionID, adopterID, petID, fee, adoptionDate) values (160, 9, 160, '$5.14', '2025-09-01 02:38:49');
insert into Adoption (adoptionID, adopterID, petID, fee, adoptionDate) values (161, 7, 161, '$39.37', '2024-10-22 07:20:36');
insert into Adoption (adoptionID, adopterID, petID, fee, adoptionDate) values (162, 127, 162, '$19.84', '2025-08-01 03:53:23');
insert into Adoption (adoptionID, adopterID, petID, fee, adoptionDate) values (163, 121, 163, '$28.56', '2025-01-09 20:04:00');
insert into Adoption (adoptionID, adopterID, petID, fee, adoptionDate) values (164, 42, 164, '$28.85', '2024-01-03 21:50:20');
insert into Adoption (adoptionID, adopterID, petID, fee, adoptionDate) values (165, 95, 165, '$21.74', '2024-12-03 09:01:14');
insert into Adoption (adoptionID, adopterID, petID, fee, adoptionDate) values (166, 7, 166, '$36.63', '2024-12-02 22:16:56');
insert into Adoption (adoptionID, adopterID, petID, fee, adoptionDate) values (167, 50, 167, '$30.47', '2024-12-26 09:51:04');
insert into Adoption (adoptionID, adopterID, petID, fee, adoptionDate) values (168, 21, 168, '$44.39', '2024-06-21 19:38:21');
insert into Adoption (adoptionID, adopterID, petID, fee, adoptionDate) values (169, 63, 169, '$33.72', '2024-04-16 23:23:57');
insert into Adoption (adoptionID, adopterID, petID, fee, adoptionDate) values (170, 12, 170, '$33.81', '2025-03-31 14:29:51');
insert into Adoption (adoptionID, adopterID, petID, fee, adoptionDate) values (171, 9, 171, '$8.61', '2025-06-21 22:18:58');
insert into Adoption (adoptionID, adopterID, petID, fee, adoptionDate) values (172, 25, 172, '$45.35', '2024-02-07 06:25:05');
insert into Adoption (adoptionID, adopterID, petID, fee, adoptionDate) values (173, 51, 173, '$25.09', '2025-05-26 07:20:00');
insert into Adoption (adoptionID, adopterID, petID, fee, adoptionDate) values (174, 53, 174, '$39.53', '2025-09-19 11:38:37');
insert into Adoption (adoptionID, adopterID, petID, fee, adoptionDate) values (175, 100, 175, '$24.12', '2025-09-21 07:52:29');
insert into Adoption (adoptionID, adopterID, petID, fee, adoptionDate) values (176, 45, 176, '$30.97', '2025-05-05 11:22:40');
insert into Adoption (adoptionID, adopterID, petID, fee, adoptionDate) values (177, 83, 177, '$19.75', '2024-06-13 11:01:32');
insert into Adoption (adoptionID, adopterID, petID, fee, adoptionDate) values (178, 44, 178, '$13.75', '2025-06-20 11:34:14');
insert into Adoption (adoptionID, adopterID, petID, fee, adoptionDate) values (179, 50, 179, '$42.27', '2025-08-29 15:12:39');
insert into Adoption (adoptionID, adopterID, petID, fee, adoptionDate) values (180, 54, 180, '$44.14', '2025-07-09 07:35:22');
insert into Adoption (adoptionID, adopterID, petID, fee, adoptionDate) values (181, 140, 181, '$4.86', '2024-07-05 18:59:03');
insert into Adoption (adoptionID, adopterID, petID, fee, adoptionDate) values (182, 73, 182, '$10.27', '2025-07-22 01:12:23');
insert into Adoption (adoptionID, adopterID, petID, fee, adoptionDate) values (183, 105, 183, '$26.46', '2025-08-02 10:46:04');
insert into Adoption (adoptionID, adopterID, petID, fee, adoptionDate) values (184, 119, 184, '$15.70', '2024-10-08 04:00:45');
insert into Adoption (adoptionID, adopterID, petID, fee, adoptionDate) values (185, 65, 185, '$40.97', '2025-07-29 23:04:21');
insert into Adoption (adoptionID, adopterID, petID, fee, adoptionDate) values (186, 43, 186, '$38.08', '2024-08-30 05:48:15');
insert into Adoption (adoptionID, adopterID, petID, fee, adoptionDate) values (187, 143, 187, '$11.64', '2024-03-16 15:37:13');
insert into Adoption (adoptionID, adopterID, petID, fee, adoptionDate) values (188, 38, 188, '$24.67', '2025-11-04 03:05:30');
insert into Adoption (adoptionID, adopterID, petID, fee, adoptionDate) values (189, 107, 189, '$3.45', '2025-05-13 17:08:25');
insert into Adoption (adoptionID, adopterID, petID, fee, adoptionDate) values (190, 48, 190, '$29.61', '2025-10-08 01:21:43');
insert into Adoption (adoptionID, adopterID, petID, fee, adoptionDate) values (191, 80, 191, '$13.05', '2025-04-19 17:22:24');
insert into Adoption (adoptionID, adopterID, petID, fee, adoptionDate) values (192, 39, 192, '$18.73', '2024-09-02 12:20:02');
insert into Adoption (adoptionID, adopterID, petID, fee, adoptionDate) values (193, 87, 193, '$39.83', '2024-06-25 11:00:24');
insert into Adoption (adoptionID, adopterID, petID, fee, adoptionDate) values (194, 33, 194, '$39.79', '2024-02-16 05:05:44');
insert into Adoption (adoptionID, adopterID, petID, fee, adoptionDate) values (195, 10, 195, '$48.62', '2025-07-05 13:46:35');
insert into Adoption (adoptionID, adopterID, petID, fee, adoptionDate) values (196, 86, 196, '$33.79', '2024-10-03 09:55:49');
insert into Adoption (adoptionID, adopterID, petID, fee, adoptionDate) values (197, 95, 197, '$41.38', '2025-05-12 21:54:11');
insert into Adoption (adoptionID, adopterID, petID, fee, adoptionDate) values (198, 134, 198, '$35.14', '2025-01-16 10:45:18');
insert into Adoption (adoptionID, adopterID, petID, fee, adoptionDate) values (199, 128, 199, '$46.12', '2025-10-04 00:14:15');
insert into Adoption (adoptionID, adopterID, petID, fee, adoptionDate) values (200, 28, 200, '$44.02', '2024-04-12 00:14:16');

SELECT a.name
FROM Adopter AS a
INNER JOIN Adoption AS b ON a.adopterID = b.adopterID
WHERE date(b.adoptionDate) = '2025-11-01';